{
  "epoch": [
    1,
    2,
    3,
    4,
    5,
    6,
    7,
    8,
    9,
    10,
    11,
    12,
    13,
    14,
    15,
    16,
    17,
    18,
    19,
    20,
    21,
    22,
    23,
    24,
    25,
    26,
    27,
    28,
    29,
    30,
    31,
    32,
    33,
    34,
    35,
    36,
    37,
    38,
    39,
    40,
    41,
    42,
    43,
    44,
    45,
    46,
    47,
    48,
    49,
    50,
    51,
    52,
    53,
    54,
    55,
    56,
    57,
    58,
    59,
    60,
    61,
    62,
    63,
    64,
    65,
    66,
    67,
    68,
    69,
    70,
    71,
    72,
    73,
    74,
    75,
    76,
    77,
    78,
    79,
    80,
    81,
    82,
    83,
    84,
    85,
    86,
    87,
    88,
    89,
    90,
    91,
    92,
    93,
    94,
    95,
    96,
    97,
    98,
    99,
    100
  ],
  "train_d_loss": [
    0.30449568304738933,
    0.0004602374139874854,
    0.0025091579500304386,
    0.0011445689532224301,
    1.2154822276955191e-06,
    9.551542454200313e-06,
    0.00012161174863078994,
    0.000341443090650273,
    3.7272847159902645e-05,
    0.0001959983134090737,
    8.016917300572857e-05,
    0.007333353387844177,
    0.0994751498751286,
    0.9111643691683053,
    0.10710846623743712,
    0.024783157867997296,
    0.08153153249295109,
    0.21269723864723317,
    0.12760398588761152,
    0.10860952891408016,
    0.19667562591747073,
    0.40499594634260916,
    0.04372128983022279,
    0.3482290899521331,
    0.19952541652811248,
    0.154534631105696,
    0.22800507371064463,
    0.5055147540432883,
    0.12891681190303644,
    0.24152406927396441,
    0.2712266301190539,
    0.19657356340996585,
    0.2255924803280475,
    0.44403176163468744,
    0.265410149846889,
    0.5682894074167052,
    0.4657259388510283,
    0.360104490366939,
    0.28534533860292866,
    0.1852944652570841,
    0.2552290465770966,
    0.2624943947277941,
    0.30428192954639144,
    0.2270120471715927,
    0.3050703685688859,
    0.12213186940571177,
    0.16898386781795124,
    0.31451211539433643,
    0.16117183085734724,
    0.09007531934169037,
    0.22176169834774556,
    0.06397167941325961,
    0.10377498172420019,
    0.2817578710640191,
    0.11933418934349901,
    0.040703276959538924,
    0.06502749161900283,
    0.3194450161912755,
    0.10376044355798512,
    0.22524136016472768,
    0.14415491885665688,
    0.06205915224272758,
    0.02460033378575872,
    0.07613837988719752,
    0.0049592773877861875,
    0.0005341839973510787,
    0.002835889591008822,
    0.0041648164062735304,
    0.0013781192485147642,
    0.02193032134707733,
    0.10144216480844648,
    0.040264350302140886,
    0.008946665959854272,
    0.0844744372192281,
    0.38548948404724115,
    0.3550102722245733,
    0.03678496100739999,
    0.14577947433807034,
    0.02124371948517023,
    5.3792093480353743e-05,
    0.0001841626118917361,
    0.002332498228291513,
    0.004537773830185188,
    0.000998306857787412,
    8.269306139396804e-06,
    1.3305913852157403e-05,
    8.368673070151545e-05,
    1.3355142126236785e-05,
    7.8878560481499e-05,
    2.2598862603828708e-05,
    0.00010021670488917778,
    1.240311591708121e-05,
    2.240653787950464e-05,
    5.920143528399535e-05,
    1.949653546731156e-05,
    1.9774016912776915e-05,
    7.866184182194757e-05,
    4.2012343086383905e-05,
    3.7304294808215845e-05,
    2.854175820843352e-05
  ],
  "train_g_loss": [
    0.08040874116122723,
    0.0714772593230009,
    0.06706969952210784,
    0.06351622426882386,
    0.05962413465604186,
    0.056993876956403254,
    0.05372830964624882,
    0.05221652518957853,
    0.049588763061910866,
    0.04756063660606742,
    0.04591794619336724,
    0.045913083106279375,
    0.05831875232979655,
    0.07702076844871045,
    0.06584693910554051,
    0.052387133613228797,
    0.04633138999342919,
    0.048767282720655204,
    0.041622049361467364,
    0.039860448241233824,
    0.036614104127511385,
    0.03445435287430883,
    0.03371539884246886,
    0.033045014925301076,
    0.030044095776975154,
    0.027405005833134054,
    0.027235448965802787,
    0.028661092557013036,
    0.025443724263459443,
    0.022897738544270397,
    0.0231236909981817,
    0.021907884487882258,
    0.020668040052987634,
    0.02158821732737124,
    0.020386227034032346,
    0.02148726359009743,
    0.02026850883848965,
    0.019211383606307208,
    0.018504702020436525,
    0.01739760469645262,
    0.017449495499022305,
    0.01831629148218781,
    0.018105385941453278,
    0.016806530626490714,
    0.016948052356019615,
    0.015285777184180916,
    0.015838542860001324,
    0.015863322326913475,
    0.01502121400553733,
    0.01412631890270859,
    0.014674394205212594,
    0.013922903453931212,
    0.014436097978614271,
    0.01336892091203481,
    0.013872226793318987,
    0.012301960168406368,
    0.012770506273955106,
    0.013270799349993468,
    0.010932535538449884,
    0.012753031100146472,
    0.01229637444484979,
    0.012076985882595181,
    0.012254712171852589,
    0.012640677182935179,
    0.011083767376840114,
    0.01217304680030793,
    0.010743113467469811,
    0.011475926288403571,
    0.01202156429644674,
    0.010680589638650418,
    0.012550774193368853,
    0.010570438997820019,
    0.010556063172407449,
    0.013372231984976678,
    0.012724501360207797,
    0.014307043026201427,
    0.012609438784420491,
    0.013201582129113376,
    0.01062777538318187,
    0.009457777976058424,
    0.008807589358184487,
    0.009274143690709025,
    0.009430321876425295,
    0.00788213259074837,
    0.008346984023228287,
    0.007829206017777323,
    0.008130852284375578,
    0.00757962588686496,
    0.007939811295364052,
    0.00777054326608777,
    0.007443180750124156,
    0.00738490903750062,
    0.007216458627954126,
    0.007517545588780194,
    0.007499267661478371,
    0.00719681354239583,
    0.007041372638195753,
    0.007237341685686261,
    0.00684671476483345,
    0.006873083114624023
  ],