{
  "epoch": [
    1,
    2,
    3,
    4,
    5,
    6,
    7,
    8,
    9,
    10,
    11,
    12,
    13,
    14,
    15,
    16,
    17,
    18,
    19,
    20,
    21,
    22,
    23,
    24,
    25,
    26,
    27,
    28,
    29,
    30,
    31,
    32,
    33,
    34,
    35,
    36,
    37,
    38,
    39,
    40,
    41,
    42,
    43,
    44,
    45,
    46,
    47,
    48,
    49,
    50,
    51,
    52,
    53,
    54,
    55,
    56,
    57,
    58,
    59,
    60,
    61,
    62,
    63,
    64,
    65,
    66,
    67,
    68,
    69,
    70,
    71,
    72,
    73,
    74,
    75,
    76,
    77,
    78,
    79,
    80,
    81,
    82,
    83,
    84,
    85,
    86,
    87,
    88,
    89,
    90,
    91,
    92,
    93,
    94,
    95,
    96,
    97,
    98,
    99,
    100
  ],
  "train_d_loss": [
    1.0272034537047148,
    0.26893336363136766,
    0.2213823415338993,
    0.21544569358229637,
    0.21173364259302616,
    0.20704131647944451,
    0.20514933094382287,
    0.20635352209210395,
    0.20611739568412304,
    0.20755107216537,
    0.21333095356822013,
    0.2069656815379858,
    0.2113433424383402,
    0.2158961661159992,
    0.21164508685469627,
    0.21428832560777664,
    0.2151590719819069,
    0.22007153294980525,
    0.23870047368109226,
    0.24120391830801963,
    0.22370425574481487,
    0.216713847219944,
    0.21658094935119152,
    0.21409290209412574,
    0.20895999446511268,
    0.21165528073906897,
    0.2092894695699215,
    0.20754747614264488,
    0.20775574892759324,
    0.20718755349516868,
    0.20638663098216056,
    0.21218452379107475,
    0.21252808347344398,
    0.2091400597244501,
    0.22589558511972427,
    0.2136254131793976,
    0.20722199380397796,
    0.20727775283157826,
    0.2063117541372776,
    0.20485126860439778,
    0.20383718907833098,
    0.2050061073154211,
    0.20549376718699933,
    0.2046111449599266,
    0.28205123767256735,
    0.33435584492981435,
    0.2555061850696802,
    0.24433199055492877,
    0.2318527538329363,
    0.2293347306549549,
    0.20917703807353974,
    0.20615036338567733,
    0.20323203802108764,
    0.20432838685810567,
    0.2056808050721884,
    0.20284263454377652,
    0.20213196240365505,
    0.20236465632915496,
    0.20247248373925686,
    0.20379935652017594,
    0.2026545822620392,
    0.20306929014623165,
    0.2021482467651367,
    0.20403183475136757,
    0.20634276904165744,
    0.20523877143859864,
    0.20234260633587836,
    0.2032293055206537,
    0.20203164033591747,
    0.2035829283297062,
    0.20490986108779907,
    0.20271425023674966,
    0.20233555361628533,
    0.20132055208086969,
    0.20341218039393424,
    0.2014237754046917,
    0.20188596583902835,
    0.20270442329347133,
    0.20220431350171567,
    0.20157040506601334,
    0.20230309776961802,
    0.20133804865181446,
    0.2028710801154375,
    0.2049071490764618,
    0.20219907052814962,
    0.2012753091752529,
    0.2035796083509922,
    0.20281566195189954,
    0.20345583818852903,
    0.20329736396670342,
    0.20158276073634623,
    0.2023671329021454,
    0.20125086158514022,
    0.20210511684417726,
    0.20226853527128696,
    0.202119318023324,
    0.20291325710713864,
    0.20269216783344746,
    0.2546703737229109,
    0.30129527039825915
  ],
  "train_g_loss": [
    0.09938977416604758,
    0.0852375665679574,
    0.07268991507589817,
    0.06689973045140504,
    0.06293616024777293,
    0.05998475980013609,
    0.05734113920480013,
    0.0548417903482914,
    0.05298210736364126,
    0.05110183358192444,
    0.049911357648670676,
    0.04823052221909165,
    0.04729765234515071,
    0.0466291987337172,
    0.046196199394762515,
    0.045195923652499914,
    0.04317276906222105,
    0.04124964587390423,
    0.040845836699008944,
    0.038966744160279634,
    0.0376521279104054,
    0.03713096179999411,
    0.035040678037330505,
    0.034600124973803756,
    0.033337809378281236,
    0.03146972148679197,
    0.02983431247994304,
    0.029032231494784354,
    0.027140138577669858,
    0.027841406781226395,
    0.026798336394131185,
    0.026743372902274132,
    0.02617859672755003,
    0.02494819057174027,
    0.025025038048624992,
    0.024958352092653513,
    0.023696949379518627,
    0.021257715625688435,
    0.020710492553189398,
    0.020558813586831093,
    0.018875423353165388,
    0.01850399295799434,
    0.018602590588852764,
    0.01913114171475172,
    0.028414913918823004,
    0.033613639790564774,
    0.026847729412838816,
    0.020644124411046506,
    0.021212115278467537,
    0.019618515437468887,
    0.018262812565080822,
    0.01718060269486159,
    0.016523512452840804,
    0.01593021247535944,
    0.015523747657425702,
    0.015546810836531222,
    0.014982192707248033,
    0.014865419548004865,
    0.014322670619003474,
    0.013846239983104169,
    0.0136602777056396,
    0.013654523203149438,
    0.013450953783467412,
    0.013968986226245761,
    0.013693334371782839,
    0.013451339746825396,
    0.01236128732562065,
    0.01277143305633217,
    0.013189755543135107,
    0.012895099888555705,
    0.015355430124327541,
    0.014115666109137236,
    0.013850488071329891,
    0.012522496609017253,
    0.012321302038617431,
    0.012248998740687966,
    0.011876657349057495,
    0.011621275590732694,
    0.011644061375409364,
    0.01112692563328892,
    0.010827451292425395,
    0.010641779494471848,
    0.010580793675035238,
    0.011772430082783104,
    0.011116152559407056,
    0.010849254741333424,
    0.011613981332629919,
    0.01042463481426239,
    0.01043196760583669,
    0.01080824804957956,
    0.012608351255767047,
    0.010561176459304988,
    0.010361503623425961,
    0.011207154416479171,
    0.01060788780450821,
    0.010693068755790592,
    0.010427392809651792,
    0.010931603447534143,
    0.011093000695109368,
    0.01837152070365846
  ],