{
  "epoch": [
    1,
    2,
    3,
    4,
    5,
    6,
    7,
    8,
    9,
    10,
    11,
    12,
    13,
    14,
    15,
    16,
    17,
    18,
    19,
    20,
    21,
    22,
    23,
    24,
    25
  ],
  "train_d_loss": [
    0.1822914859543063,
    0.01063931522685725,
    0.09367344250967836,
    0.11948094553607026,
    0.057758833491834756,
    0.110575122123121,
    1.2877536184173494e-09,
    0.19623273933242585,
    0.1348549121581116,
    0.06381816585092827,
    0.3055549591255966,
    0.032354148214183046,
    0.12229693792216996,
    0.13385048438065386,
    0.1042799323795004,
    0.16343853726063795,
    0.0730805376861728,
    0.14259507607507552,
    0.10898585555866372,
    0.026948286706571612,
    0.015855363425188274,
    0.09075089170479325,
    0.16519431188294215,
    0.03595346392921523,
    0.0024757729029406222
  ],
  "train_g_loss": [
    0.09249345158560225,
    0.08680494595319033,
    0.08362775882936002,
    0.08512731690971571,
    0.08067980524221505,
    0.07812668130744571,
    0.07468195251235163,
    0.07264933921396732,
    0.06934815851316133,
    0.06689708375222521,
    0.06465435606415992,
    0.0616877411124239,
    0.059038088472996963,
    0.05632731749354229,
    0.053763597476422606,
    0.05209352431335935,
    0.04882492534068907,
    0.04657444126334869,
    0.04432589722435094,
    0.041746144375568374,
    0.03972531652744905,
    0.03878642469328357,
    0.03857551650345371,
    0.036114101714949,
    0.03396814939117542
  ],
  "val_d_loss": [
    16.524943974283005,
    25.206393082936604,
    18.299749586317276,
    6.439788420995076,
    23.95190923743778,
    108.0892735587226,
    119.6727835337321,
    154.9999557071262,
    63.38506322436862,
    82.42132499482896,
    30.753182782067192,
    69.69237041473389,
    29.120447612260858,
    37.44520694762468,
    18.971434421009487,
    31.177327463028227,
    25.51807273396601,
    10.948558741145664,
    4.787623286806365,
    8.315536978965005,
    11.186333615772632,
    7.273991668389903,
    4.267035816537423,
    8.188355746782488,
    6.729048175944222
  ],
  "val_g_loss": [
    0.10120872878986928,
    0.09063928538105553,
    0.08887478434998128,
    0.09074385272752908,
    0.08827397842994994,
    0.0843857287739714,
    0.08089435079859363,
    0.08159086842917734,
    0.08218413192985786,
    0.07983341937263806,
    0.07744744818450676,
    0.07812142511829734,
    0.07666371441963646,
    0.07512505781940287,
    0.07546287211072114,
    0.07475162400967544,
    0.0740985229300956,
    0.07527714471022288,
    0.07479178522610003,
    0.07316634234868818,
    0.07336507359933522,
    0.07343484218128854,
    0.07331140106543899,
    0.07308400712079471,
    0.07446904827116264
  ],
  "epoch_time": [
    125.20120906829834,
    122.03835010528564,
    122.29422903060913,
    121.1914701461792,
    121.47772216796875,
    122.3534848690033,
    122.79941916465759,
    122.99321222305298,
    123.35964894294739,
    124.1749050617218,
    123.81877613067627,
    124.04134202003479,
    124.2104880809784,
    124.3459141254425,
    124.11463809013367,
    124.71741390228271,
    123.89464592933655,
    123.23911380767822,
    124.29135012626648,
    123.15327310562134,
    124.16974782943726,
    124.18573784828186,
    127.0048577785492,
    124.94530892372131,
    124.39099526405334
  ]
}